<?xml version="1.0" encoding="UTF-8"?>
<project-private xmlns="http://www.netbeans.org/ns/project-private/1">
    <editor-bookmarks xmlns="http://www.netbeans.org/ns/editor-bookmarks/2" lastBookmarkId="0"/>
    <open-files xmlns="http://www.netbeans.org/ns/projectui-open-files/2">
        <group>
            <file>file:/C:/Users/tseow/Documents/GitHub/Library-Management-System/Library%20Management%20System/src/LibraryModel/Item/State/BorrowedState.java</file>
            <file>file:/C:/Users/tseow/Documents/GitHub/Library-Management-System/Library%20Management%20System/src/LibraryModel/User/Admin.java</file>
            <file>file:/C:/Users/tseow/Documents/GitHub/Library-Management-System/Library%20Management%20System/src/Controller/LoginController.java</file>
            <file>file:/C:/Users/tseow/Documents/GitHub/Library-Management-System/Library%20Management%20System/src/GuiView/LoginWindow.java</file>
            <file>file:/C:/Users/tseow/Documents/GitHub/Library-Management-System/Library%20Management%20System/src/Utilities/IObserver.java</file>
            <file>file:/C:/Users/tseow/Documents/GitHub/Library-Management-System/Library%20Management%20System/src/LibraryModel/Serialiser.java</file>
            <file>file:/C:/Users/tseow/Documents/GitHub/Library-Management-System/Library%20Management%20System/src/LibraryModel/Item/BorrowingInformation.java</file>
            <file>file:/C:/Users/tseow/Documents/GitHub/Library-Management-System/Library%20Management%20System/src/LibraryModel/Item/Newspaper.java</file>
            <file>file:/C:/Users/tseow/Documents/GitHub/Library-Management-System/Library%20Management%20System/src/LibraryModel/Item/State/AvailableState.java</file>
            <file>file:/C:/Users/tseow/Documents/GitHub/Library-Management-System/Library%20Management%20System/src/LibraryModel/Message.java</file>
            <file>file:/C:/Users/tseow/Documents/GitHub/Library-Management-System/Library%20Management%20System/src/LibraryModel/User/User.java</file>
            <file>file:/C:/Users/tseow/Documents/GitHub/Library-Management-System/Library%20Management%20System/src/GuiView/ClientWindow.java</file>
            <file>file:/C:/Users/tseow/Documents/GitHub/Library-Management-System/Library%20Management%20System/src/LibraryModel/Item/Book.java</file>
            <file>file:/C:/Users/tseow/Documents/GitHub/Library-Management-System/Library%20Management%20System/src/LibraryModel/Item/Rating.java</file>
            <file>file:/C:/Users/tseow/Documents/GitHub/Library-Management-System/Library%20Management%20System/src/GuiView/AdminWindow.java</file>
            <file>file:/C:/Users/tseow/Documents/GitHub/Library-Management-System/Library%20Management%20System/src/Main/Main.java</file>
            <file>file:/C:/Users/tseow/Documents/GitHub/Library-Management-System/Library%20Management%20System/src/LibraryModel/Item/Item.java</file>
            <file>file:/C:/Users/tseow/Documents/GitHub/Library-Management-System/Library%20Management%20System/src/LibraryModel/Item/UserRating.java</file>
            <file>file:/C:/Users/tseow/Documents/GitHub/Library-Management-System/Library%20Management%20System/src/LibraryModel/Item/ItemType.java</file>
            <file>file:/C:/Users/tseow/Documents/GitHub/Library-Management-System/Library%20Management%20System/src/LibraryModel/Item/Magazine.java</file>
            <file>file:/C:/Users/tseow/Documents/GitHub/Library-Management-System/Library%20Management%20System/src/LibraryModel/NewsletterSingleton.java</file>
            <file>file:/C:/Users/tseow/Documents/GitHub/Library-Management-System/Library%20Management%20System/src/Utilities/IState.java</file>
            <file>file:/C:/Users/tseow/Documents/GitHub/Library-Management-System/Library%20Management%20System/src/LibraryModel/User/Client.java</file>
            <file>file:/C:/Users/tseow/Documents/GitHub/Library-Management-System/Library%20Management%20System/src/Controller/AdminController.java</file>
            <file>file:/C:/Users/tseow/Documents/GitHub/Library-Management-System/Library%20Management%20System/src/Utilities/IObservable.java</file>
            <file>file:/C:/Users/tseow/Documents/GitHub/Library-Management-System/Library%20Management%20System/src/LibraryModel/LibraryFactory.java</file>
            <file>file:/C:/Users/tseow/Documents/GitHub/Library-Management-System/Library%20Management%20System/src/Controller/ClientController.java</file>
        </group>
    </open-files>
</project-private>
